Subject,Description,Faculty
AANB,Applied Animal Biology,Faculty of Land and Food Systems
ACAM,Asian Canadian and Asian Migration Studies,Faculty of Arts
ADHE,Adult and Higher Education,Faculty of Education
AFST,African Studies,Faculty of Arts
AGEC,Agricultural Economics,Faculty of Land and Food Systems
AMNE,Ancient Mediterranean and Near Eastern Studies,Faculty of Arts
ANAT,Anatomy,Faculty of Medicine
ANTH,Anthropology,Faculty of Arts
APBI,Applied Biology,Faculty of Land and Food Systems
APPP,Applied Science Professional Program Platform,Faculty of Applied Science
APSC,Applied Science,Faculty of Applied Science
AQUA,Aquaculture,Faculty of Land and Food Systems
ARBC,Classical Arabic,Faculty of Arts
ARBM,Modern Standard Arabic,Faculty of Arts
ARC,Alternative Routes to Computing,Faculty of Science
ARCH,Architecture,School of Arch and Landscape Arch
ARCL,Anthropological Archaeology,Faculty of Arts
ARST,Archival Studies,School of Information
ARTC,Arts Co-Op,Faculty of Arts
ARTH,Art History,Faculty of Arts
ARTS,Arts One Program,Faculty of Arts
ASIA,Asian Studies,Faculty of Arts
ASIC,Arts and Science Interdisciplinary Courses,Faculty of Science
ASIX,Asian Studies Crossings,Faculty of Arts
ASL,American Sign Language,Faculty of Arts
ASLA,Asian Languages,Faculty of Arts
ASTR,Astronomy,Faculty of Science
ASTU,Arts Studies,Faculty of Arts
ATSC,Atmospheric Science,Faculty of Science
AUDI,Audiology and Speech Sciences,School of Audiology and Speech Scie
BA,Business Administration: Core,Faculty of Comm and Bus Admin
BAAC,Business Administration: Accounting,Faculty of Comm and Bus Admin
BABS,Business Administration: Business Statistics,Faculty of Comm and Bus Admin
BAEN,Business Administration: Entrepreneurship,Faculty of Comm and Bus Admin
BAFI,Business Administration: Finance,Faculty of Comm and Bus Admin
BAHR,Business Administration: Human Resources Management,Faculty of Comm and Bus Admin
BAIT,Business Administration: Business Technology Management,Faculty of Comm and Bus Admin
BALA,Business Administration: Law,Faculty of Comm and Bus Admin
BAMA,Business Administration: Marketing,Faculty of Comm and Bus Admin
BAMS,Business Administration: Management Science,Faculty of Comm and Bus Admin
BAPA,Business Administration: Policy Analysis,Faculty of Comm and Bus Admin
BASC,Business Administration: Supply Chain,Faculty of Comm and Bus Admin
BASM,Business Administration: Strategic Management,Faculty of Comm and Bus Admin
BAUL,Business Administration: Urban Land Economics,Faculty of Comm and Bus Admin
BEST,Forest Bioeconomy Sciences and Technology,Faculty of Forestry
BIOC,Biochemistry,Faculty of Medicine
BIOF,Bioinformatics,Faculty of Science
BIOL,Biology,Faculty of Science
BIOT,Biotechnology,Faculty of Science
BMEG,Biomedical Engineering,School of Biomedical Engineering
BOTA,Botany,Faculty of Science
BRDG,Bridge Program,Faculty of Medicine
BUSI,Business,Faculty of Comm and Bus Admin
FSCT,Biochemistry and Forensic Science,Faculty of Medicine
ARBC,Classical Arabic,Faculty of Arts
CAPS,"Cellular, Anatomical and Physiological Sciences",Faculty of Medicine
CCFI,Centre for Cross-Faculty Inquiry,Faculty of Education
CCST,Critical and Curatorial Studies,Faculty of Arts
CDST,Canadian Studies,Faculty of Arts
CEEN,Clean Energy Engineering,Faculty of Applied Science
CELL,Cell and Developmental Biology,Faculty of Medicine
CENS,"Central, Eastern and Northern European Studies",Faculty of Arts
CHBE,Chemical and Biological Engineering,Faculty of Applied Science
CHEM,Chemistry,Faculty of Science
CHIL,Children's Literature,Faculty of Arts
CHIN,Chinese,Faculty of Arts
CINE,Cinema Studies,Faculty of Arts
CIVL,Civil Engineering,Faculty of Applied Science
CLST,Classical Studies,Faculty of Arts
CMST,Cinema and Media Studies,Faculty of Arts
CNPS,Counselling Psychology,Faculty of Education
CNTO,Cantonese,Faculty of Arts
COEC,Commerce Economics,Faculty of Comm and Bus Admin
COGS,Cognitive Systems Program,Faculty of Science
COHR,Commerce Human Resources,Faculty of Comm and Bus Admin
COLX,Computational Linguistics,Faculty of Arts
COMM,Commerce,Faculty of Comm and Bus Admin
COMR,Commerce Minor,Faculty of Comm and Bus Admin
CONS,Natural Resources Conservation,Faculty of Forestry
CPEN,Computer Engineering,Faculty of Applied Science
CPSC,Computer Science,Faculty of Science
CRWR,Creative Writing,Faculty of Arts
CSIS,Critical Studies in Sexuality,Faculty of Arts
CSPW,Coordinated Science Program Workshop,Faculty of Science
CTLN,Catalan,Faculty of Arts
EDCP,Curriculum and Pedagogy,Faculty of Education
PHYL,Cellular and Physiological Sciences,Faculty of Medicine
PLAN,Community and Regional Planning,School of Comm and Reg Planning
DANI,Danish,Faculty of Arts
DENT,Dentistry,Faculty of Dentistry
DES,Design,School of Arch and Landscape Arch
DHYG,Dental Hygiene,Faculty of Dentistry
DMED,Digital Media,Faculty of Arts
DSCI,Data Science,Faculty of Science
MEDD,Doctor of Medicine,Faculty of Medicine
ECED,Early Childhood Education,Faculty of Education
ECON,Economics,Vancouver School of Economics
ECPS,"Educational & Counselling Psychology, & Special Education",Faculty of Education
EDCP,Curriculum and Pedagogy,Faculty of Education
EDST,Educational Studies,Faculty of Education
EDUC,Education,Faculty of Education
EECE,Electrical and Computer Engineering,Faculty of Applied Science
ELEC,Electrical Engineering,Faculty of Applied Science
ELI,English Language Institute,Regi
EMBA,Executive M.B.A.,Faculty of Comm and Bus Admin
ENDS,Environmental Design,School of Arch and Landscape Arch
ENGL,English,Faculty of Arts
ENPH,Engineering Physics,Faculty of Science
ENPP,Engineering and Public Policy,Faculty of Applied Science
ENST,Environment and Sustainability,Faculty of Arts
ENVE,Environmental Engineering,Faculty of Applied Science
ENVR,Environmental Science,Faculty of Science
EOSC,Earth and Ocean Sciences,Faculty of Science
EPSE,Educational Psychology and Special Education,Faculty of Education
ETEC,Educational Technology,Faculty of Education
EXCH,Exchange Programs,Regi
EXGR,Exchange Graduate Research,Regi
IEST,European Studies,Faculty of Arts
BEST,Forest Bioeconomy Sciences and Technology,Faculty of Forestry
FACT,Faculty of Arts Commuter Transition Program,Faculty of Arts
FCOR,Forestry Core,Faculty of Forestry
FEBC,Forest Engineering British Columbia,Faculty of Forestry
FIPR,Film Production,Faculty of Arts
FISH,Fisheries Research,Faculty of Science
FMPR,Family Practice,Faculty of Medicine
FMST,Family Studies,Faculty of Arts
FNEL,First Nations and Endangered Languages Program,Faculty of Arts
FNH,"Food, Nutrition and Health",Faculty of Land and Food Systems
FNIS,First Nations and Indigenous Studies,Faculty of Arts
FOOD,Food Science,Faculty of Land and Food Systems
FOPE,Forestry Online Professional Education,Faculty of Forestry
FOPR,Forest Operations,Faculty of Forestry
FRE,Food and Resource Economics,Faculty of Land and Food Systems
FREN,French,Faculty of Arts
FRSI,Forestry Silviculture Institute,Faculty of Forestry
FRST,Forestry,Faculty of Forestry
FSCT,Biochemistry and Forensic Science,Faculty of Medicine
GEM,Geomatics for Environmental Management,Faculty of Forestry
GEOG,Geography,Faculty of Arts
GEOS,Geographical Sciences,Faculty of Arts
GERN,German,Faculty of Arts
GMST,German Studies,Faculty of Arts
GREK,Greek,Faculty of Arts
GRS,Global Resource Systems,Faculty of Land and Food Systems
GRSJ,"Gender, Race, Sexuality and Social Justice",Faculty of Arts
GSAT,Genome Science and Technology,Faculty of Science
HEBR,Hebrew,Faculty of Arts
HESO,Health and Society,Faculty of Arts
HGSE,Haida Gwaii Semesters,Faculty of Forestry
HINU,Hindi-Urdu,Faculty of Arts
HIST,History,Faculty of Arts
HPB,High Performance Buildings,Faculty of Applied Science
HUNU,Human Nutrition,Faculty of Land and Food Systems
IAR,Institute of Asian Research,Faculty of Arts
IEST,European Studies,Faculty of Arts
IGEN,Integrated Engineering,Faculty of Applied Science
ILS,Indigenous Land Stewardship,Faculty of Forestry
INDO,Indonesian,Faculty of Arts
INDS,Interdisciplinary Studies,Faculty of Grad and Pdoc Studies
INFO,Information Studies,Faculty of Arts
INLB,Indigenous Land-Based Studies,Faculty of Arts
ISCI,Integrated Sciences,Faculty of Science
ITAL,Italian,Faculty of Arts
IWME,Integrated Water Management Engineering,Faculty of Applied Science
RADS,Interdisciplinary Radiology,Faculty of Medicine
JAPN,Japanese,Faculty of Arts
JRNL,Journalism,"School of Journalism,Writing,Andmedia"
KIN,Kinesiology,School of Kinesiology
KORN,Korean,Faculty of Arts
LAIS,"Library, Archival and Information Studies",School of Information
LARC,Landscape Architecture,School of Arch and Landscape Arch
LASO,Law and Society,Faculty of Arts
LAST,Latin American Studies,Faculty of Arts
LATN,Latin,Faculty of Arts
LAW,Law,Peter A. Allard School of Law
LFS,Land & Food Systems,Faculty of Land and Food Systems
LIBE,Teacher Librarianship,Faculty of Education
LIBR,Library and Information Studies,School of Information
LING,Linguistics,Faculty of Arts
LLED,Language and Literacy Education,Faculty of Education
LWS,Land and Water Systems,Faculty of Land and Food Systems
ARBM,Modern Standard Arabic,Faculty of Arts
MANU,Manufacturing Engineering,Faculty of Applied Science
MATH,Mathematics,Faculty of Science
MDIA,Media Studies,Faculty of Arts
MDVL,Medieval Studies,Faculty of Arts
MECH,Mechanical Engineering,Faculty of Applied Science
MEDD,Doctor of Medicine,Faculty of Medicine
MEDG,Medical Genetics,Faculty of Medicine
MEDI,Medicine,Faculty of Medicine
MES,Middle East Studies,Faculty of Arts
MGMT,Management,Vantage College
MICB,Microbiology,Faculty of Science
MIDW,Midwifery,Faculty of Medicine
MINE,Mining Engineering,Faculty of Applied Science
MRNE,Marine Science,Faculty of Science
MTRL,Materials Engineering,Faculty of Applied Science
MUSC,Music,School of Music
CONS,Natural Resources Conservation,Faculty of Forestry
NAME,Naval Architecture and Marine Engineering,Faculty of Applied Science
NEPL,Nepali,Faculty of Arts
NEST,Near Eastern Studies,Faculty of Arts
NEUR,Neurosurgery,Faculty of Medicine
NORD,Nordic Studies,Faculty of Arts
NRSC,Neuroscience Graduate,Faculty of Medicine
NSCI,Neuroscience Undergraduate,Faculty of Science
NURS,Nursing,School of Nursing
OBMS,Oral Biological Medical Sciences,Faculty of Dentistry
OBST,Obstetrics and Gynaecology,Faculty of Medicine
OHS,Oral Health Sciences,Faculty of Dentistry
ONCO,Oncology,Faculty of Medicine
ORNT,Orientation to Medical School,Faculty of Medicine
ORPA,Orthopaedics,Faculty of Medicine
OSOT,Occupational Science and Occupational Therapy,Faculty of Medicine
PATH,Pathology,Faculty of Medicine
PCTH,Pharmacology and Therapeutics,Faculty of Medicine
PERS,Persian,Faculty of Arts
PHAR,Pharmaceutical Sciences,Faculty of Pharmaceutical Sciences
PHIL,Philosophy,Faculty of Arts
PHRM,Pharmacy,Faculty of Pharmaceutical Sciences
PHTH,Physical Therapy,Faculty of Medicine
PHYL,Cellular and Physiological Sciences,Faculty of Medicine
PHYS,Physics,Faculty of Science
PLAN,Community and Regional Planning,School of Comm and Reg Planning
PLAS,Plastic Surgery,Faculty of Medicine
PLNT,Plant Science,Faculty of Land and Food Systems
POLI,Political Science,Faculty of Arts
POLS,Polish,Faculty of Arts
PORT,Portuguese,Faculty of Arts
PPGA,Public Policy and Global Affairs,Faculty of Arts
PRHC,Primary Health Care,Faculty of Medicine
PSYC,Psychology,Faculty of Arts
PSYT,Psychiatry,Faculty of Medicine
PUNJ,Punjabi,Faculty of Arts
RADI,Radiology,Faculty of Medicine
RADS,Interdisciplinary Radiology,Faculty of Medicine
RELG,Religious Studies,Faculty of Arts
RES,"Resources, Environment and Sustainability",Faculty of Science
RGLA,"Religion, Literature and The Arts",Faculty of Arts
RGST,Study of Religion,Faculty of Arts
RHSC,Rehabilitation Sciences,Faculty of Medicine
RMST,Romance Studies,Faculty of Arts
RUSS,Russian,Faculty of Arts
RGST,Study of Religion,Faculty of Arts
SANS,Sanskrit,Faculty of Arts
SCIE,Science,Faculty of Science
SEAL,Southeast Asian Languages,Faculty of Arts
SGES,Smart Grid Energy Systems,Faculty of Applied Science
SLAV,Slavic Studies,Faculty of Arts
SOAL,South Asian Languages,Faculty of Arts
SOCI,Sociology,Faculty of Arts
SOIL,Soil Science,Faculty of Land and Food Systems
SOWK,Social Work,School of Social Work
SPAN,Spanish,Faculty of Arts
SPE,Sustainable Process Engineering,Faculty of Applied Science
SPHA,School of Population & Public Health,Faculty of Medicine
SPPH,School of Population & Public Health,Faculty of Medicine
STAT,Statistics,Faculty of Science
STS,Science and Technology Studies,Faculty of Grad and Pdoc Studies
SURG,Surgery,Faculty of Medicine
SWAH,Swahili,Faculty of Arts
SWED,Swedish,Faculty of Arts
LIBE,Teacher Librarianship,Faculty of Education
TEST,Test,Regi
THFL,Theatre and Film,Faculty of Arts
THTR,Theatre,Faculty of Arts
TIBT,Tibetan Languages,Faculty of Arts
TRSC,Transition School,No Faculty (Blank for Cross Edits)
UDES,Urban Design,School of Arch and Landscape Arch
UFOR,Urban Forestry,Faculty of Forestry
UKRN,Ukrainian,Faculty of Arts
URO,Undergraduate Research Opportunities,No Faculty (Blank for Cross Edits)
UROL,Urological Surgery,Faculty of Medicine
URST,Urban Studies,Faculty of Arts
URSY,Urban Systems,Faculty of Applied Science
WRIT,University Writing Centre Courses,Centre for Continuing Education
VANT,Vantage College,Vantage College
VGRD,Visiting Graduate Student,Faculty of Grad and Pdoc Studies
VISA,Visual Arts,Faculty of Arts
VRHC,Vocational Rehabilitation Counselling,Faculty of Education
VURS,Visiting Undergraduate Research Students,Faculty of Applied Science
WACH,Women+ and Children's Health Sciences,Faculty of Medicine
WOOD,Wood Products Processing,Faculty of Forestry
WRDS,"Writing, Research, and Discourse Studies",Faculty of Arts
WRIT,University Writing Centre Courses,Centre for Continuing Education
YDSH,Yiddish,Faculty of Arts
ZOOL,Zoology,Faculty of Science
